{
  "mean": [
    [
      39.27832794189453,
      82.6309814453125,
      47.70275115966797,
      82.41130065917969,
      10.722466468811035,
      44.65161895751953,
      64.33625793457031,
      55.22917175292969,
      50.96443557739258,
      37.34674072265625,
      14.371400833129883,
      54.079368591308594,
      59.67484664916992,
      43.79414749145508,
      0.2455366551876068,
      42.784542083740234,
      18.19931983947754,
      38.59325408935547,
      59.863059997558594,
      1.0745368003845215,
      47.749481201171875,
      6.235637187957764,
      63.328121185302734,
      64.1158447265625,
      60.69456481933594,
      54.38801574707031,
      110.84551239013672,
      16477.15234375
    ]
  ],
  "std": [
    [
      10.513836860656738,
      10.222956657409668,
      12.77127742767334,
      9.247647285461426,
      4.2486982345581055,
      16.084455490112305,
      6.69841194152832,
      7.469305515289307,
      10.085153579711914,
      12.32766056060791,
      2.445847272872925,
      18.616992950439453,
      9.352546691894531,
      12.921794891357422,
      0.12421566247940063,
      10.329487800598145,
      7.645977020263672,
      8.110735893249512,
      12.309844017028809,
      0.34668266773223877,
      14.376320838928223,
      1.8091779947280884,
      13.829593658447266,
      16.007740020751953,
      15.50020980834961,
      14.058347702026367,
      266.30657958984375,
      15716.2802734375
    ]
  ],
  "delta": 3,
  "context": 10,
  "input_size": 28,
  "hidden_size": 32,
  "mlp_size": [
    32,
    1
  ]
}